{
  "0": {
    "precision": 0.6296296296296297,
    "recall": 0.9807692307692307,
    "f1-score": 0.7669172932330828,
    "support": 52
  },
  "1": {
    "precision": 0.5263157894736842,
    "recall": 0.3448275862068966,
    "f1-score": 0.4166666666666667,
    "support": 29
  },
  "2": {
    "precision": 0.40425531914893614,
    "recall": 0.59375,
    "f1-score": 0.48101265822784806,
    "support": 32
  },
  "3": {
    "precision": 0.5125,
    "recall": 0.7884615384615384,
    "f1-score": 0.6212121212121211,
    "support": 52
  },
  "4": {
    "precision": 0.0,
    "recall": 0.0,
    "f1-score": 0.0,
    "support": 30
  },
  "5": {
    "precision": 0.8,
    "recall": 0.2962962962962963,
    "f1-score": 0.43243243243243246,
    "support": 27
  },
  "6": {
    "precision": 0.0,
    "recall": 0.0,
    "f1-score": 0.0,
    "support": 15
  },
  "accuracy": 0.5443037974683544,
  "macro avg": {
    "precision": 0.41038581975032135,
    "recall": 0.42915780739056597,
    "f1-score": 0.3883201673960216,
    "support": 237
  },
  "weighted avg": {
    "precision": 0.46071759007697693,
    "recall": 0.5443037974683544,
    "f1-score": 0.4697643190862901,
    "support": 237
  }
}