{
  "0": {
    "precision": 0.5862068965517241,
    "recall": 1.0,
    "f1-score": 0.7391304347826086,
    "support": 51
  },
  "1": {
    "precision": 0.6666666666666666,
    "recall": 0.3448275862068966,
    "f1-score": 0.4545454545454545,
    "support": 29
  },
  "2": {
    "precision": 0.40816326530612246,
    "recall": 0.625,
    "f1-score": 0.4938271604938272,
    "support": 32
  },
  "3": {
    "precision": 0.48,
    "recall": 0.6923076923076923,
    "f1-score": 0.5669291338582677,
    "support": 52
  },
  "4": {
    "precision": 0.0,
    "recall": 0.0,
    "f1-score": 0.0,
    "support": 31
  },
  "5": {
    "precision": 0.7272727272727273,
    "recall": 0.3076923076923077,
    "f1-score": 0.43243243243243246,
    "support": 26
  },
  "6": {
    "precision": 0.0,
    "recall": 0.0,
    "f1-score": 0.0,
    "support": 16
  },
  "accuracy": 0.5274261603375527,
  "macro avg": {
    "precision": 0.4097585079710343,
    "recall": 0.4242610837438424,
    "f1-score": 0.3838378023017986,
    "support": 237
  },
  "weighted avg": {
    "precision": 0.44793333525889495,
    "recall": 0.5274261603375527,
    "f1-score": 0.45317931517049304,
    "support": 237
  }
}