{
  "0": {
    "precision": 0.5,
    "recall": 0.8461538461538461,
    "f1-score": 0.6285714285714286,
    "support": 52
  },
  "1": {
    "precision": 0.5263157894736842,
    "recall": 0.3448275862068966,
    "f1-score": 0.4166666666666667,
    "support": 29
  },
  "2": {
    "precision": 0.3673469387755102,
    "recall": 0.5625,
    "f1-score": 0.4444444444444445,
    "support": 32
  },
  "3": {
    "precision": 0.4461538461538462,
    "recall": 0.5576923076923077,
    "f1-score": 0.49572649572649574,
    "support": 52
  },
  "4": {
    "precision": 0.0,
    "recall": 0.0,
    "f1-score": 0.0,
    "support": 30
  },
  "5": {
    "precision": 0.4375,
    "recall": 0.25925925925925924,
    "f1-score": 0.3255813953488372,
    "support": 27
  },
  "6": {
    "precision": 0.0,
    "recall": 0.0,
    "f1-score": 0.0,
    "support": 15
  },
  "accuracy": 0.45569620253164556,
  "macro avg": {
    "precision": 0.3253309392004344,
    "recall": 0.36720471418747275,
    "f1-score": 0.33014149010826754,
    "support": 237
  },
  "weighted avg": {
    "precision": 0.3714378056352454,
    "recall": 0.45569620253164556,
    "f1-score": 0.39476685777833853,
    "support": 237
  }
}