{
  "0": {
    "precision": 0.3358208955223881,
    "recall": 0.8823529411764706,
    "f1-score": 0.4864864864864865,
    "support": 51
  },
  "1": {
    "precision": 0.0,
    "recall": 0.0,
    "f1-score": 0.0,
    "support": 29
  },
  "2": {
    "precision": 0.42,
    "recall": 0.65625,
    "f1-score": 0.5121951219512195,
    "support": 32
  },
  "3": {
    "precision": 0.5849056603773585,
    "recall": 0.5961538461538461,
    "f1-score": 0.5904761904761905,
    "support": 52
  },
  "4": {
    "precision": 0.0,
    "recall": 0.0,
    "f1-score": 0.0,
    "support": 31
  },
  "5": {
    "precision": 0.0,
    "recall": 0.0,
    "f1-score": 0.0,
    "support": 26
  },
  "6": {
    "precision": 0.0,
    "recall": 0.0,
    "f1-score": 0.0,
    "support": 16
  },
  "accuracy": 0.4092827004219409,
  "macro avg": {
    "precision": 0.19153236512853522,
    "recall": 0.3049652553329024,
    "f1-score": 0.2270225427019852,
    "support": 237
  },
  "weighted avg": {
    "precision": 0.2573078481487951,
    "recall": 0.4092827004219409,
    "f1-score": 0.303400070118193,
    "support": 237
  }
}